id,app_name,user_id,session_id,invocation_id,author,branch,timestamp,content,actions,long_running_tool_ids_json,grounding_metadata,partial,turn_complete,error_code,error_message,interrupted
0fHYHf4B,agent_postgresql_conn_bayer1111,agent_postgresql_conn_bayer_user_011111,agent_postgresql_conn_bayer_session_user_011111,e-af2dbaf7-f4c9-4413-b121-1197b5755411,user,,2025-07-03 19:20:48.124315,"{""role"": ""user"", ""parts"": [{""text"": ""holaaaa""}]}",277 bytes,,null,,,,,
1ygcHBMp,agent_postgresql_conn_bayer1111,agent_postgresql_conn_bayer_user_011111,agent_postgresql_conn_bayer_session_user_011111,e-889f5b43-28d4-44a3-93cb-595f0659e6fb,user,,2025-07-03 19:02:13.747476,"{""role"": ""user"", ""parts"": [{""text"": ""hola""}]}",277 bytes,,null,,,,,
32VQCmZb,agent_postgresql_conn_bayer11,agent_postgresql_conn_bayer_user_0111,agent_postgresql_conn_bayer_session_user_0111,e-34b16cdf-15e6-427c-85ee-a6485c0c1309,user,,2025-07-03 18:42:37.392201,"{""role"": ""user"", ""parts"": [{""text"": ""holaaaa""}]}",277 bytes,,null,,,,,
4VwbY4KK,agent_postgresql_conn_bayer1,agent_postgresql_conn_bayer_user_011,agent_postgresql_conn_bayer_session_user_011,e-35c31bd6-2287-4477-ac07-0bfabf600f9b,user,,2025-07-03 18:22:16.572854,"{""role"": ""user"", ""parts"": [{""text"": ""hola""}]}",277 bytes,,null,,,,,
55kU4JU8,agent_postgresql_conn_bayer111,agent_postgresql_conn_bayer_user_01111,agent_postgresql_conn_bayer_session_user_01111,e-2e897f81-59a7-4eea-81f4-689406f70d09,user,,2025-07-03 18:47:25.280499,"{""role"": ""user"", ""parts"": [{""text"": ""hola""}]}",277 bytes,,null,,,,,
5P7qz7hH,agent_postgresql_conn_bayer111,agent_postgresql_conn_bayer_user_01111,agent_postgresql_conn_bayer_session_user_01111,e-867ddee0-02ac-4773-a345-b862b2e07666,SQLResultsInterpreterAgent,,2025-07-03 18:47:58.823261,"{""role"": ""model"", ""parts"": [{""text"": ""Hola! Necesito que me indiques qué información necesitas sobre las ventas de Bayer Argentina. ¿Tienes alguna pregunta específica o área en la que te gustaría que te ayude?""}]}",285 bytes,,null,false,,,,
5YM11Trc,agent_postgresql_conn_bayer1,agent_postgresql_conn_bayer_user_011,agent_postgresql_conn_bayer_session_user_011,e-0ba933f7-d1d8-401d-847a-0ce17602a515,user,,2025-07-03 18:22:28.799602,"{""role"": ""user"", ""parts"": [{""text"": ""holaa""}]}",277 bytes,,null,,,,,
6toukEm7,agent_postgresql_conn_bayer,agent_postgresql_conn_bayer_user_01,agent_postgresql_conn_bayer_session_user_01,e-54881ee0-7f82-4d45-bb5b-18ede427f544,user,,2025-07-03 18:18:48.002533,"{""role"": ""user"", ""parts"": [{""text"": ""hola""}]}",277 bytes,,null,,,,,
6YWN6NNP,agent_postgresql_conn_bayer1,agent_postgresql_conn_bayer_user_011,agent_postgresql_conn_bayer_session_user_011,e-0538b2a7-7b35-41ba-91f7-852356bef31f,SQLResultsInterpreterAgent,,2025-07-03 18:23:22.059342,"{""role"": ""model"", ""parts"": [{""text"": ""Hola! Por favor, dime qué información necesitas sobre las ventas de Bayer Argentina. ¿Tienes alguna pregunta en particular?""}]}",285 bytes,,null,false,,,,
7nAwUWmy,agent_postgresql_conn_bayer1,agent_postgresql_conn_bayer_user_011,agent_postgresql_conn_bayer_session_user_011,e-0ba933f7-d1d8-401d-847a-0ce17602a515,SQLResultsInterpreterAgent,,2025-07-03 18:22:30.521475,"{""role"": ""model"", ""parts"": [{""text"": ""¡Hola! ¿Qué información sobre las ventas de Bayer Argentina necesitas?""}]}",285 bytes,,null,false,,,,
9c79lAg2,agent_postgresql_conn_bayer111,agent_postgresql_conn_bayer_user_01111,agent_postgresql_conn_bayer_session_user_01111,e-2e897f81-59a7-4eea-81f4-689406f70d09,SQLResultsInterpreterAgent,,2025-07-03 18:47:27.06918,"{""role"": ""model"", ""parts"": [{""text"": ""Hola! En que puedo ayudarte hoy?""}]}",285 bytes,,null,false,,,,
9yqUvwmP,agent_postgresql_conn_bayer,agent_postgresql_conn_bayer_user_01,agent_postgresql_conn_bayer_session_user_01,e-56cc601d-79e2-459b-8178-0d2cb5ed299b,user,,2025-07-03 18:19:24.45077,"{""role"": ""user"", ""parts"": [{""text"": ""holaaaa""}]}",277 bytes,,null,,,,,
AEVOwTvi,agent_postgresql_conn_bayer1111,agent_postgresql_conn_bayer_user_011111,agent_postgresql_conn_bayer_session_user_011111,e-adf6372f-e343-43db-83df-49ea6e41a804,SQLResultsInterpreterAgent,,2025-07-03 19:02:26.978969,"{""role"": ""model"", ""parts"": [{""text"": ""Hola! ¿Qué información necesitas hoy? Podemos revisar las ventas, el cumplimiento de objetivos o analizar productos.""}]}",285 bytes,,null,false,,,,
albNHen1,agent_postgresql_conn_bayer111,agent_postgresql_conn_bayer_user_01111,agent_postgresql_conn_bayer_session_user_01111,e-e525bf6f-73f9-40a5-af02-41abec621b05,user,,2025-07-03 18:47:34.797068,"{""role"": ""user"", ""parts"": [{""text"": ""holaa""}]}",277 bytes,,null,,,,,
ANxpXAag,agent_postgresql_conn_bayer111,agent_postgresql_conn_bayer_user_01111,agent_postgresql_conn_bayer_session_user_01111,e-1ee96c78-abd0-43d9-a186-67584c589aa9,SQLResultsInterpreterAgent,,2025-07-03 18:47:45.740924,"{""role"": ""model"", ""parts"": [{""text"": ""Hola! Para ayudarte mejor, ¿podrías especificar qué información necesitas? Por ejemplo, ¿te interesan las ventas de un producto en particular, el cumplimiento de objetivos de un equipo, o algún otro tema relacionado con las ventas de Bayer Argentina?""}]}",285 bytes,,null,false,,,,
b2C6xS5U,agent_postgresql_conn_bayer1,agent_postgresql_conn_bayer_user_011,agent_postgresql_conn_bayer_session_user_011,e-ab39cc93-c0da-470f-ba42-276cee998974,user,,2025-07-03 18:22:52.298766,"{""role"": ""user"", ""parts"": [{""text"": ""holaaa""}]}",277 bytes,,null,,,,,
B5gxeQev,agent_postgresql_conn_bayer,agent_postgresql_conn_bayer_user_01,agent_postgresql_conn_bayer_session_user_01,e-54881ee0-7f82-4d45-bb5b-18ede427f544,SQLResultsInterpreterAgent,,2025-07-03 18:18:49.995786,"{""role"": ""model"", ""parts"": [{""text"": ""¡Hola! ¿En qué puedo ayudarte hoy con tus análisis de ventas de Bayer Argentina?""}]}",285 bytes,,null,false,,,,
boNqbFdO,agent_postgresql_conn_bayer1111,agent_postgresql_conn_bayer_user_011111,agent_postgresql_conn_bayer_session_user_011111,e-bf8798cc-14a6-4f19-b961-b6dd1817263e,SQLResultsInterpreterAgent,,2025-07-03 19:21:20.989731,"{""role"": ""model"", ""parts"": [{""text"": ""Hola! ¿En qué puedo ayudarte hoy con tus análisis de ventas? Necesito que me digas qué información estás buscando para poder ayudarte.""}]}",285 bytes,,null,false,,,,
BPp48f1e,agent_postgresql_conn_bayer111,agent_postgresql_conn_bayer_user_01111,agent_postgresql_conn_bayer_session_user_01111,e-3eab370e-6210-409e-ae4c-c8ada1c00436,SQLResultsInterpreterAgent,,2025-07-03 18:48:11.649529,"{""role"": ""model"", ""parts"": [{""text"": ""Hola! ¿Cómo puedo ayudarte hoy con tus preguntas sobre las ventas de Bayer Argentina?""}]}",285 bytes,,null,false,,,,
BSWG8aIA,agent_postgresql_conn_bayer1,agent_postgresql_conn_bayer_user_011,agent_postgresql_conn_bayer_session_user_011,e-ab39cc93-c0da-470f-ba42-276cee998974,SQLResultsInterpreterAgent,,2025-07-03 18:22:54.014819,"{""role"": ""model"", ""parts"": [{""text"": ""Hola! ¿Qué análisis de ventas de Bayer Argentina te gustaría realizar hoy? Por ejemplo, ¿te interesa ver el cumplimiento de objetivos, analizar algún producto en particular, o revisar las ventas de un equipo comercial?""}]}",285 bytes,,null,false,,,,
bUpMV4Zk,agent_postgresql_conn_bayer1,agent_postgresql_conn_bayer_user_011,agent_postgresql_conn_bayer_session_user_011,e-6edb6e23-da68-4aaa-8b36-cf6f57f32dd9,user,,2025-07-03 18:23:10.897126,"{""role"": ""user"", ""parts"": [{""text"": ""holaaaaa""}]}",277 bytes,,null,,,,,
D7NehscY,agent_postgresql_conn_bayer111,agent_postgresql_conn_bayer_user_01111,agent_postgresql_conn_bayer_session_user_01111,e-1ee96c78-abd0-43d9-a186-67584c589aa9,user,,2025-07-03 18:47:43.981133,"{""role"": ""user"", ""parts"": [{""text"": ""holaa""}]}",277 bytes,,null,,,,,
dDe5CReM,agent_postgresql_conn_bayer11,agent_postgresql_conn_bayer_user_0111,agent_postgresql_conn_bayer_session_user_0111,e-85db8696-c6d1-4feb-85a2-9e2b248906bb,user,,2025-07-03 18:43:26.761708,"{""role"": ""user"", ""parts"": [{""text"": ""holaaaaaaaa""}]}",277 bytes,,null,,,,,
erEdKXN3,agent_postgresql_conn_bayer1111,agent_postgresql_conn_bayer_user_011111,agent_postgresql_conn_bayer_session_user_011111,e-3a723f80-beaa-4437-98d4-5c0f817b8cc5,user,,2025-07-03 19:02:34.777558,"{""role"": ""user"", ""parts"": [{""text"": ""holaaa""}]}",277 bytes,,null,,,,,
gcMbhYIc,agent_postgresql_conn_bayer11,agent_postgresql_conn_bayer_user_0111,agent_postgresql_conn_bayer_session_user_0111,e-7afe0735-c80a-4fd4-8e47-10af99f90aeb,user,,2025-07-03 18:42:17.481392,"{""role"": ""user"", ""parts"": [{""text"": ""holaa""}]}",277 bytes,,null,,,,,
GQLSjRdN,agent_postgresql_conn_bayer1111,agent_postgresql_conn_bayer_user_011111,agent_postgresql_conn_bayer_session_user_011111,e-adf6372f-e343-43db-83df-49ea6e41a804,user,,2025-07-03 19:02:24.933565,"{""role"": ""user"", ""parts"": [{""text"": ""holaa""}]}",277 bytes,,null,,,,,
gWLKO8rd,agent_postgresql_conn_bayer11,agent_postgresql_conn_bayer_user_0111,agent_postgresql_conn_bayer_session_user_0111,e-b6060427-47a8-4c15-a489-8620aaf1929a,SQLResultsInterpreterAgent,,2025-07-03 18:42:57.292816,"{""role"": ""model"", ""parts"": [{""text"": ""Para poder ayudarte, necesito que me hagas una consulta específica. ¿Qué información sobre las ventas de Bayer Argentina te gustaría conocer? Por ejemplo, ¿quieres saber el total de ventas de un producto, el desempeño de un equipo o el avance respecto a los objetivos?""}]}",285 bytes,,null,false,,,,
hJR3WRpS,agent_postgresql_conn_bayer11,agent_postgresql_conn_bayer_user_0111,agent_postgresql_conn_bayer_session_user_0111,e-ffdb014e-c161-47bd-a3f5-e8903f5e108d,user,,2025-07-03 18:42:07.671172,"{""role"": ""user"", ""parts"": [{""text"": ""hola""}]}",277 bytes,,null,,,,,
ITNfZ54i,agent_postgresql_conn_bayer1,agent_postgresql_conn_bayer_user_011,agent_postgresql_conn_bayer_session_user_011,e-bc19f9f3-2f5e-4c27-a782-6d99c7a03590,SQLResultsInterpreterAgent,,2025-07-03 18:23:50.315055,"{""role"": ""model"", ""parts"": [{""text"": ""Necesito que me indiques qué información necesitas sobre las ventas de Bayer Argentina. ¿Tienes alguna pregunta específica sobre productos, regiones, cumplimiento de objetivos, o cualquier otra cosa?""}]}",285 bytes,,null,false,,,,
j3VRX1s5,agent_postgresql_conn_bayer11,agent_postgresql_conn_bayer_user_0111,agent_postgresql_conn_bayer_session_user_0111,e-7afe0735-c80a-4fd4-8e47-10af99f90aeb,SQLResultsInterpreterAgent,,2025-07-03 18:42:19.221467,"{""role"": ""model"", ""parts"": [{""text"": ""¿Qué información sobre las ventas de Bayer Argentina necesitas?""}]}",285 bytes,,null,false,,,,
kvfRWqL5,agent_postgresql_conn_bayer1,agent_postgresql_conn_bayer_user_011,agent_postgresql_conn_bayer_session_user_011,e-8fb31eb3-672e-40d4-9a99-9be77ff5163f,user,,2025-07-03 18:23:29.858535,"{""role"": ""user"", ""parts"": [{""text"": ""holaaaaaaa""}]}",277 bytes,,null,,,,,
kZn04TiY,agent_postgresql_conn_bayer1,agent_postgresql_conn_bayer_user_011,agent_postgresql_conn_bayer_session_user_011,e-bc19f9f3-2f5e-4c27-a782-6d99c7a03590,user,,2025-07-03 18:23:48.598353,"{""role"": ""user"", ""parts"": [{""text"": ""holaaaaaaaaa""}]}",277 bytes,,null,,,,,
L6gMVMtO,agent_postgresql_conn_bayer1,agent_postgresql_conn_bayer_user_011,agent_postgresql_conn_bayer_session_user_011,e-1355d133-c5f1-4b05-9572-dd24e419b186,SQLResultsInterpreterAgent,,2025-07-03 18:23:40.808682,"{""role"": ""model"", ""parts"": [{""text"": ""Hola! Para ayudarte de la mejor manera, necesito que me digas qué información estás buscando. Por ejemplo, ¿te interesan las ventas de algún producto en particular, el desempeño de un equipo de ventas, o el cumplimiento de los objetivos generales?""}]}",285 bytes,,null,false,,,,
lpjxHlUn,agent_postgresql_conn_bayer11,agent_postgresql_conn_bayer_user_0111,agent_postgresql_conn_bayer_session_user_0111,e-ffdb014e-c161-47bd-a3f5-e8903f5e108d,SQLResultsInterpreterAgent,,2025-07-03 18:42:09.44964,"{""role"": ""model"", ""parts"": [{""text"": ""Hola! ¿En qué puedo ayudarte hoy con tus análisis de ventas de Bayer Argentina?""}]}",285 bytes,,null,false,,,,
lvRNYhHT,agent_postgresql_conn_bayer1,agent_postgresql_conn_bayer_user_011,agent_postgresql_conn_bayer_session_user_011,e-35c31bd6-2287-4477-ac07-0bfabf600f9b,SQLResultsInterpreterAgent,,2025-07-03 18:22:18.3631,"{""role"": ""model"", ""parts"": [{""text"": ""Hola! ¿En qué puedo ayudarte hoy con tus análisis de ventas para Bayer Argentina?""}]}",285 bytes,,null,false,,,,
MDyeLEeX,agent_postgresql_conn_bayer1111,agent_postgresql_conn_bayer_user_011111,agent_postgresql_conn_bayer_session_user_011111,e-af2dbaf7-f4c9-4413-b121-1197b5755411,SQLResultsInterpreterAgent,,2025-07-03 19:20:49.922817,"{""role"": ""model"", ""parts"": [{""text"": ""Hola! ¿Qué información específica sobre las ventas de Bayer Argentina te gustaría obtener hoy?""}]}",285 bytes,,null,false,,,,
n1xYjHtR,agent_postgresql_conn_bayer,agent_postgresql_conn_bayer_user_01,agent_postgresql_conn_bayer_session_user_01,e-56cc601d-79e2-459b-8178-0d2cb5ed299b,SQLResultsInterpreterAgent,,2025-07-03 18:19:26.208071,"{""role"": ""model"", ""parts"": [{""text"": ""Hola!\n¿Qué análisis de ventas te gustaría realizar hoy? Por ejemplo, ¿te interesa conocer el desempeño de algún producto en particular, comparar las ventas con el objetivo, o analizar alguna región específica?""}]}",285 bytes,,null,false,,,,
nB8Edleu,agent_postgresql_conn_bayer11,agent_postgresql_conn_bayer_user_0111,agent_postgresql_conn_bayer_session_user_0111,e-651907db-99fb-414f-a84e-80bb71fe53cb,user,,2025-07-03 18:42:27.421244,"{""role"": ""user"", ""parts"": [{""text"": ""holaaa""}]}",277 bytes,,null,,,,,
nJ35ZYC8,agent_postgresql_conn_bayer,agent_postgresql_conn_bayer_user_01,agent_postgresql_conn_bayer_session_user_01,e-e50ad530-8f5a-4fa8-b8b8-aada8dbdc696,user,,2025-07-03 18:19:07.876468,"{""role"": ""user"", ""parts"": [{""text"": ""holaaa""}]}",277 bytes,,null,,,,,
NLYkvon4,agent_postgresql_conn_bayer111,agent_postgresql_conn_bayer_user_01111,agent_postgresql_conn_bayer_session_user_01111,e-867ddee0-02ac-4773-a345-b862b2e07666,user,,2025-07-03 18:47:57.075317,"{""role"": ""user"", ""parts"": [{""text"": ""holaa""}]}",277 bytes,,null,,,,,
Ns6rvCWS,agent_postgresql_conn_bayer1,agent_postgresql_conn_bayer_user_011,agent_postgresql_conn_bayer_session_user_011,e-ae0568b1-add5-464f-b7d7-0649dfbc437e,user,,2025-07-03 18:23:01.599617,"{""role"": ""user"", ""parts"": [{""text"": ""holaaaa""}]}",277 bytes,,null,,,,,
oOCvOiRT,agent_postgresql_conn_bayer11,agent_postgresql_conn_bayer_user_0111,agent_postgresql_conn_bayer_session_user_0111,e-a425372b-b5bd-4af5-a55a-a89d425772cb,user,,2025-07-03 18:42:45.93668,"{""role"": ""user"", ""parts"": [{""text"": ""holaaaaa""}]}",277 bytes,,null,,,,,
OPsrQgZY,agent_postgresql_conn_bayer11,agent_postgresql_conn_bayer_user_0111,agent_postgresql_conn_bayer_session_user_0111,e-70751c14-e77e-4fd9-860c-6ad6d4b4977c,user,,2025-07-03 18:43:04.828772,"{""role"": ""user"", ""parts"": [{""text"": ""holaaaaaaa""}]}",277 bytes,,null,,,,,
P4K9ILGU,agent_postgresql_conn_bayer1111,agent_postgresql_conn_bayer_user_011111,agent_postgresql_conn_bayer_session_user_011111,e-3a723f80-beaa-4437-98d4-5c0f817b8cc5,SQLResultsInterpreterAgent,,2025-07-03 19:02:36.522702,"{""role"": ""model"", ""parts"": [{""text"": ""Hola! ¿Qué análisis de ventas te gustaría realizar hoy? Por ejemplo, puedo mostrarte el desempeño de un producto, un equipo de ventas o una región.""}]}",285 bytes,,null,false,,,,
PISro5or,agent_postgresql_conn_bayer1111,agent_postgresql_conn_bayer_user_011111,agent_postgresql_conn_bayer_session_user_011111,e-889f5b43-28d4-44a3-93cb-595f0659e6fb,SQLResultsInterpreterAgent,,2025-07-03 19:02:15.555287,"{""role"": ""model"", ""parts"": [{""text"": ""Hola! En que puedo ayudarte hoy? Necesitas algun reporte o analisis en particular?""}]}",285 bytes,,null,false,,,,
PlDLL4xH,agent_postgresql_conn_bayer1111,agent_postgresql_conn_bayer_user_011111,agent_postgresql_conn_bayer_session_user_011111,e-2e1d9789-84ad-494e-bab3-9afbcdb338db,SQLResultsInterpreterAgent,,2025-07-03 19:02:46.584383,"{""role"": ""model"", ""parts"": [{""text"": ""Hola! Dime, ¿en qué puedo ayudarte hoy con tus análisis de ventas?""}]}",285 bytes,,null,false,,,,
QfE2GWlj,agent_postgresql_conn_bayer1,agent_postgresql_conn_bayer_user_011,agent_postgresql_conn_bayer_session_user_011,e-6edb6e23-da68-4aaa-8b36-cf6f57f32dd9,SQLResultsInterpreterAgent,,2025-07-03 18:23:12.617455,"{""role"": ""model"", ""parts"": [{""text"": ""Hola! Para poder ayudarte, necesito que me indiques qué información o análisis de ventas de Bayer Argentina estás buscando. ¿Tienes alguna pregunta específica en mente?""}]}",285 bytes,,null,false,,,,
qrSwHYVi,agent_postgresql_conn_bayer111,agent_postgresql_conn_bayer_user_01111,agent_postgresql_conn_bayer_session_user_01111,e-e525bf6f-73f9-40a5-af02-41abec621b05,SQLResultsInterpreterAgent,,2025-07-03 18:47:36.541657,"{""role"": ""model"", ""parts"": [{""text"": ""Hola! ¿Cómo puedo ayudarte hoy? ¿Tienes alguna pregunta sobre las ventas o el rendimiento de algún producto o equipo comercial de Bayer Argentina?""}]}",285 bytes,,null,false,,,,
rBaXuXAO,agent_postgresql_conn_bayer11,agent_postgresql_conn_bayer_user_0111,agent_postgresql_conn_bayer_session_user_0111,e-34b16cdf-15e6-427c-85ee-a6485c0c1309,SQLResultsInterpreterAgent,,2025-07-03 18:42:39.124332,"{""role"": ""model"", ""parts"": [{""text"": ""Para poder ayudarte con tus análisis de ventas de Bayer Argentina, necesito que me indiques qué información específica estás buscando. Por ejemplo, podrías preguntar sobre las ventas de un producto, el desempeño de un equipo, o el avance respecto a los objetivos. ¿Qué te interesa saber?""}]}",285 bytes,,null,false,,,,
rOiD2mEf,agent_postgresql_conn_bayer111,agent_postgresql_conn_bayer_user_01111,agent_postgresql_conn_bayer_session_user_01111,e-c0bb1f3b-aaab-4c18-aabf-d044112f9806,user,,2025-07-03 18:48:18.69436,"{""role"": ""user"", ""parts"": [{""text"": ""holaaaa""}]}",277 bytes,,null,,,,,
rzzJEly2,agent_postgresql_conn_bayer1111,agent_postgresql_conn_bayer_user_011111,agent_postgresql_conn_bayer_session_user_011111,e-665c1948-49cf-4e94-a9ab-bd530cf754da,user,,2025-07-03 19:21:02.441358,"{""role"": ""user"", ""parts"": [{""text"": ""holaaaa""}]}",277 bytes,,null,,,,,
sCkmyCZr,agent_postgresql_conn_bayer11,agent_postgresql_conn_bayer_user_0111,agent_postgresql_conn_bayer_session_user_0111,e-85db8696-c6d1-4feb-85a2-9e2b248906bb,SQLResultsInterpreterAgent,,2025-07-03 18:43:28.504992,"{""role"": ""model"", ""parts"": [{""text"": ""Para poder ayudarte de la mejor manera, necesito entender qué información estás buscando. ¿Podrías especificar qué datos de ventas te interesan? Por ejemplo, ¿quieres saber las ventas de un producto específico, el rendimiento de un equipo de ventas, o comparar las ventas actuales con las del año pasado?""}]}",285 bytes,,null,false,,,,
sF563gTW,agent_postgresql_conn_bayer1111,agent_postgresql_conn_bayer_user_011111,agent_postgresql_conn_bayer_session_user_011111,e-2e1d9789-84ad-494e-bab3-9afbcdb338db,user,,2025-07-03 19:02:44.830604,"{""role"": ""user"", ""parts"": [{""text"": ""holaaaa""}]}",277 bytes,,null,,,,,
SPgvESzY,agent_postgresql_conn_bayer,agent_postgresql_conn_bayer_user_01,agent_postgresql_conn_bayer_session_user_01,e-3746695b-567d-40f1-b21b-2cf44fe03f05,user,,2025-07-03 18:19:42.160353,"{""role"": ""user"", ""parts"": [{""text"": ""holaaaaa""}]}",277 bytes,,null,,,,,
SPHxTLxY,agent_postgresql_conn_bayer111,agent_postgresql_conn_bayer_user_01111,agent_postgresql_conn_bayer_session_user_01111,e-c0bb1f3b-aaab-4c18-aabf-d044112f9806,SQLResultsInterpreterAgent,,2025-07-03 18:48:20.429841,"{""role"": ""model"", ""parts"": [{""text"": ""Por ejemplo, ¿te gustaría saber el estado de cumplimiento de objetivos, analizar productos específicos, o comparar el desempeño de diferentes equipos comerciales?""}]}",285 bytes,,null,false,,,,
STjTcvqZ,agent_postgresql_conn_bayer1,agent_postgresql_conn_bayer_user_011,agent_postgresql_conn_bayer_session_user_011,e-8fb31eb3-672e-40d4-9a99-9be77ff5163f,SQLResultsInterpreterAgent,,2025-07-03 18:23:31.586518,"{""role"": ""model"", ""parts"": [{""text"": ""Hola! Dime, ¿en qué te puedo ayudar hoy con tus análisis de ventas de Bayer Argentina? ¿Tienes alguna consulta específica sobre productos, regiones, cumplimiento de objetivos, o cualquier otra cosa?""}]}",285 bytes,,null,false,,,,
SY9Z4Ua8,agent_postgresql_conn_bayer11,agent_postgresql_conn_bayer_user_0111,agent_postgresql_conn_bayer_session_user_0111,e-651907db-99fb-414f-a84e-80bb71fe53cb,SQLResultsInterpreterAgent,,2025-07-03 18:42:29.147767,"{""role"": ""model"", ""parts"": [{""text"": ""Entiendo que necesitas ayuda con información sobre las ventas de Bayer Argentina. Por favor, podrías especificar qué tipo de consulta tienes? Por ejemplo, ¿te interesa conocer las ventas de un producto en particular, el desempeño de un equipo comercial, o el cumplimiento de objetivos?""}]}",285 bytes,,null,false,,,,
syODQXDg,agent_postgresql_conn_bayer11,agent_postgresql_conn_bayer_user_0111,agent_postgresql_conn_bayer_session_user_0111,e-a425372b-b5bd-4af5-a55a-a89d425772cb,SQLResultsInterpreterAgent,,2025-07-03 18:42:47.66664,"{""role"": ""model"", ""parts"": [{""text"": ""Necesito que me digas qué información específica estás buscando sobre las ventas de Bayer Argentina. ¿Tienes alguna pregunta en mente?""}]}",285 bytes,,null,false,,,,
T5xpcgLF,agent_postgresql_conn_bayer11,agent_postgresql_conn_bayer_user_0111,agent_postgresql_conn_bayer_session_user_0111,e-b6060427-47a8-4c15-a489-8620aaf1929a,user,,2025-07-03 18:42:55.542776,"{""role"": ""user"", ""parts"": [{""text"": ""holaaaaaa""}]}",277 bytes,,null,,,,,
UnpSgorB,agent_postgresql_conn_bayer1,agent_postgresql_conn_bayer_user_011,agent_postgresql_conn_bayer_session_user_011,e-0538b2a7-7b35-41ba-91f7-852356bef31f,user,,2025-07-03 18:23:20.325639,"{""role"": ""user"", ""parts"": [{""text"": ""holaaaaaa""}]}",277 bytes,,null,,,,,
V7AmYxG0,agent_postgresql_conn_bayer11,agent_postgresql_conn_bayer_user_0111,agent_postgresql_conn_bayer_session_user_0111,e-70751c14-e77e-4fd9-860c-6ad6d4b4977c,SQLResultsInterpreterAgent,,2025-07-03 18:43:06.560979,"{""role"": ""model"", ""parts"": [{""text"": ""¿Qué tipo de información sobre las ventas de Bayer Argentina te interesa? Por ejemplo, ¿estás buscando datos sobre un producto en particular, un territorio específico, o el rendimiento general de una unidad de negocio? Cuanto más específica sea tu pregunta, mejor podré ayudarte.""}]}",285 bytes,,null,false,,,,
VmJ7kFZb,agent_postgresql_conn_bayer1111,agent_postgresql_conn_bayer_user_011111,agent_postgresql_conn_bayer_session_user_011111,e-bf8798cc-14a6-4f19-b961-b6dd1817263e,user,,2025-07-03 19:21:19.250663,"{""role"": ""user"", ""parts"": [{""text"": ""holaaaa""}]}",277 bytes,,null,,,,,
vvOXJPOR,agent_postgresql_conn_bayer,agent_postgresql_conn_bayer_user_01,agent_postgresql_conn_bayer_session_user_01,e-3746695b-567d-40f1-b21b-2cf44fe03f05,SQLResultsInterpreterAgent,,2025-07-03 18:19:43.897592,"{""role"": ""model"", ""parts"": [{""text"": ""Para ayudarte mejor, necesito que me indiques qué información específica estás buscando. ¿Te interesa algún producto, región, o período de tiempo en particular?""}]}",285 bytes,,null,false,,,,
wylIGmnn,agent_postgresql_conn_bayer1,agent_postgresql_conn_bayer_user_011,agent_postgresql_conn_bayer_session_user_011,e-1355d133-c5f1-4b05-9572-dd24e419b186,user,,2025-07-03 18:23:39.071357,"{""role"": ""user"", ""parts"": [{""text"": ""holaaaaaaaa""}]}",277 bytes,,null,,,,,
YFqmuN2x,agent_postgresql_conn_bayer1111,agent_postgresql_conn_bayer_user_011111,agent_postgresql_conn_bayer_session_user_011111,e-665c1948-49cf-4e94-a9ab-bd530cf754da,SQLResultsInterpreterAgent,,2025-07-03 19:21:04.207005,"{""role"": ""model"", ""parts"": [{""text"": ""Hola! ¿Qué tipo de información de ventas te interesa revisar hoy? Para darte una respuesta útil, necesito que me digas qué quieres saber. Por ejemplo, ¿quieres ver las ventas de un producto en particular, comparar el desempeño de diferentes equipos, o analizar el cumplimiento de los objetivos?""}]}",285 bytes,,null,false,,,,
yMOtVkXk,agent_postgresql_conn_bayer111,agent_postgresql_conn_bayer_user_01111,agent_postgresql_conn_bayer_session_user_01111,e-3eab370e-6210-409e-ae4c-c8ada1c00436,user,,2025-07-03 18:48:09.903163,"{""role"": ""user"", ""parts"": [{""text"": ""holaaa""}]}",277 bytes,,null,,,,,
YvtoKJB4,agent_postgresql_conn_bayer,agent_postgresql_conn_bayer_user_01,agent_postgresql_conn_bayer_session_user_01,e-e50ad530-8f5a-4fa8-b8b8-aada8dbdc696,SQLResultsInterpreterAgent,,2025-07-03 18:19:09.629563,"{""role"": ""model"", ""parts"": [{""text"": ""¡Hola! ¿Qué información sobre las ventas de Bayer Argentina necesitas?""}]}",285 bytes,,null,false,,,,
YwLx0Pep,agent_postgresql_conn_bayer1,agent_postgresql_conn_bayer_user_011,agent_postgresql_conn_bayer_session_user_011,e-ae0568b1-add5-464f-b7d7-0649dfbc437e,SQLResultsInterpreterAgent,,2025-07-03 18:23:03.320197,"{""role"": ""model"", ""parts"": [{""text"": ""Hola! Para ayudarte mejor con tu análisis, ¿podrías especificar qué tipo de información necesitas? Por ejemplo, ¿estás buscando datos de ventas, objetivos, o algún análisis en particular?""}]}",285 bytes,,null,false,,,,